﻿<?xml version="1.0" encoding="UTF-8"?>
<dbconnection>
  <connection>jdbc:mysql://localhost:3306/experian_webautomationui</connection>
  <username>root</username>
  <password>root</password>
  <CDB_Execution>false</CDB_Execution>
  <project_id>779865</project_id>
  <testSuite_id>779991</testSuite_id>
  <dbconfig_file>C:\testautomation\projects\</dbconfig_file>
  <GridConfigFile>C:\testautomation\projects\TAFF_EXPERIAN_PROJECT\resource\Configuration\gridConfig_Ram.xml</GridConfigFile>
</dbconnection>
